Name,Link
Talbotstraat 207,https://www.funda.nl/koop/amsterdam/appartement-41420853-talbotstraat-207/?navigateSource=resultlist
Burgemeester Hogguerstraat 777,https://www.funda.nl/koop/amsterdam/appartement-41420751-burgemeester-hogguerstraat-777/?navigateSource=resultlist
Laing's Nekstraat 36 I,https://www.funda.nl/koop/amsterdam/appartement-87884381-laing-s-nekstraat-36-i/?navigateSource=resultlist
Hellenburg 11,https://www.funda.nl/koop/amsterdam/appartement-41428710-hellenburg-11/?navigateSource=resultlist
David Blesstraat 6 hs,https://www.funda.nl/koop/amsterdam/appartement-87882314-david-blesstraat-6-hs/?navigateSource=resultlist
Griseldestraat 28 2,https://www.funda.nl/koop/amsterdam/appartement-87857893-griseldestraat-28-2/?navigateSource=resultlist
IJburglaan 999,https://www.funda.nl/koop/amsterdam/appartement-41490934-ijburglaan-999/?navigateSource=resultlist
Catharina Boudewijnshof 79,https://www.funda.nl/koop/amsterdam/appartement-41490906-catharina-boudewijnshof-79/?navigateSource=resultlist
Jisperveldstraat 237,https://www.funda.nl/koop/amsterdam/appartement-87827597-jisperveldstraat-237/?navigateSource=resultlist
Kempenlaan 88,https://www.funda.nl/koop/amsterdam/appartement-41469586-kempenlaan-88/?navigateSource=resultlist
Valkenisseweg 113,https://www.funda.nl/koop/amsterdam/appartement-40345611-valkenisseweg-113/?navigateSource=resultlist
Osdorper Ban 736,https://www.funda.nl/koop/amsterdam/appartement-40326777-osdorper-ban-736/?navigateSource=resultlist
Olof Palmeplein 118,https://www.funda.nl/koop/amsterdam/appartement-86676201-olof-palmeplein-118/?navigateSource=resultlist
Derkinderenstraat 204,https://www.funda.nl/koop/amsterdam/appartement-87885475-derkinderenstraat-204/?navigateSource=resultlist
IJburglaan 851,https://www.funda.nl/koop/amsterdam/appartement-41420937-ijburglaan-851/?navigateSource=resultlist
Baffinstraat 12 hs,https://www.funda.nl/koop/amsterdam/appartement-41429762-baffinstraat-12-hs/?navigateSource=resultlist
Boutenburg 321,https://www.funda.nl/koop/amsterdam/appartement-41428994-boutenburg-321/?navigateSource=resultlist
Willem Baerdesenstraat 64,https://www.funda.nl/koop/amsterdam/appartement-41428822-willem-baerdesenstraat-64/?navigateSource=resultlist
Merlijnstraat 18 II,https://www.funda.nl/koop/amsterdam/appartement-41426230-merlijnstraat-18-ii/?navigateSource=resultlist
Langswater 252,https://www.funda.nl/koop/amsterdam/appartement-41425325-langswater-252/?navigateSource=resultlist
Cornelis Outshoornstraat 52,https://www.funda.nl/koop/amsterdam/appartement-41411735-cornelis-outshoornstraat-52/?navigateSource=resultlist
Elpermeer 180,https://www.funda.nl/koop/amsterdam/appartement-41410362-elpermeer-180/?navigateSource=resultlist
Middenweg 24 II,https://www.funda.nl/koop/amsterdam/appartement-41418342-middenweg-24-ii/?navigateSource=resultlist
Langswater 612,https://www.funda.nl/koop/amsterdam/appartement-41418235-langswater-612/?navigateSource=resultlist
Bergmolen 25,https://www.funda.nl/koop/amsterdam/appartement-41418290-bergmolen-25/?navigateSource=resultlist
Grubbehoeve 421,https://www.funda.nl/koop/amsterdam/appartement-41416330-grubbehoeve-421/?navigateSource=resultlist
Oeverpad 482,https://www.funda.nl/koop/amsterdam/appartement-41401465-oeverpad-482/?navigateSource=resultlist
Eastonstraat 19,https://www.funda.nl/koop/amsterdam/appartement-41400782-eastonstraat-19/?navigateSource=resultlist
Legmeerplein 15 1,https://www.funda.nl/koop/amsterdam/appartement-87857530-legmeerplein-15-1/?navigateSource=resultlist
Geuzenkade 37 1,https://www.funda.nl/koop/amsterdam/appartement-41492564-geuzenkade-37-1/?navigateSource=resultlist
Osdorper Ban 269,https://www.funda.nl/koop/amsterdam/appartement-41478400-osdorper-ban-269/?navigateSource=resultlist
Jan van Galenstraat 80 III,https://www.funda.nl/koop/amsterdam/appartement-41464370-jan-van-galenstraat-80-iii/?navigateSource=resultlist
Tussendek 63,https://www.funda.nl/koop/amsterdam/appartement-41461243-tussendek-63/?navigateSource=resultlist
Hofgeest 118,https://www.funda.nl/koop/amsterdam/appartement-87824074-hofgeest-118/?navigateSource=resultlist
Granidastraat 50 I,https://www.funda.nl/koop/amsterdam/appartement-41467850-granidastraat-50-i/?navigateSource=resultlist
Cornelis van Vollenhovenstraat 34,https://www.funda.nl/koop/amsterdam/appartement-41459069-cornelis-van-vollenhovenstraat-34/?navigateSource=resultlist
Ladogameerhof 258,https://www.funda.nl/koop/amsterdam/appartement-41458845-ladogameerhof-258/?navigateSource=resultlist
Trijn Hullemanlaan 102,https://www.funda.nl/koop/amsterdam/appartement-87811541-trijn-hullemanlaan-102/?navigateSource=resultlist
Zuiderzeepark 14,https://www.funda.nl/koop/amsterdam/appartement-40341060-zuiderzeepark-14/?navigateSource=resultlist
Jisperveldstraat 177,https://www.funda.nl/koop/amsterdam/appartement-40333441-jisperveldstraat-177/?navigateSource=resultlist
Langswater 602,https://www.funda.nl/koop/amsterdam/appartement-40206158-langswater-602/?navigateSource=resultlist
Tussen Meer 224,https://www.funda.nl/koop/amsterdam/appartement-40272453-tussen-meer-224/?navigateSource=resultlist
Scherpenzeelstraat 111,https://www.funda.nl/koop/amsterdam/appartement-41429663-scherpenzeelstraat-111/?navigateSource=resultlist
Jan van Schaffelaarplantsoen 5 B,https://www.funda.nl/koop/amsterdam/appartement-41414654-jan-van-schaffelaarplantsoen-5-b/?navigateSource=resultlist
Kleiburg 9 b,https://www.funda.nl/koop/amsterdam/appartement-41410410-kleiburg-9-b/?navigateSource=resultlist
Suze Groenewegplantsoen 21,https://www.funda.nl/koop/amsterdam/appartement-41418394-suze-groenewegplantsoen-21/?navigateSource=resultlist
Grootzeilhof 10,https://www.funda.nl/koop/amsterdam/appartement-41490526-grootzeilhof-10/?navigateSource=resultlist
Cornelis van Rijplantsoen 34,https://www.funda.nl/koop/amsterdam/appartement-41462421-cornelis-van-rijplantsoen-34/?navigateSource=resultlist
Waalenburgsingel 264,https://www.funda.nl/koop/amsterdam/appartement-87824524-waalenburgsingel-264/?navigateSource=resultlist
Cornelis van Rijplantsoen 33,https://www.funda.nl/koop/amsterdam/appartement-41466919-cornelis-van-rijplantsoen-33/?navigateSource=resultlist
Lamarckhof 10 H,https://www.funda.nl/koop/amsterdam/appartement-41457302-lamarckhof-10-h/?navigateSource=resultlist
Chet Bakerstraat 85,https://www.funda.nl/koop/amsterdam/appartement-40278396-chet-bakerstraat-85/?navigateSource=resultlist
Jan de Louterstraat 20,https://www.funda.nl/koop/amsterdam/appartement-40137896-jan-de-louterstraat-20/?navigateSource=resultlist
Kempenlaan 21,https://www.funda.nl/koop/amsterdam/appartement-41410887-kempenlaan-21/?navigateSource=resultlist
Wolbrantskerkweg 177 -B,https://www.funda.nl/koop/amsterdam/appartement-41409921-wolbrantskerkweg-177-b/?navigateSource=resultlist
Sikkelstraat 6 B,https://www.funda.nl/koop/amsterdam/appartement-41409569-sikkelstraat-6-b/?navigateSource=resultlist
Amerbos 260,https://www.funda.nl/koop/amsterdam/appartement-87818918-amerbos-260/?navigateSource=resultlist
De Boelelaan 215,https://www.funda.nl/koop/amsterdam/appartement-86586941-de-boelelaan-215/?navigateSource=resultlist
De Egmondenstraat 176,https://www.funda.nl/koop/amsterdam/appartement-41477856-de-egmondenstraat-176/?navigateSource=resultlist
Leksmondhof 80,https://www.funda.nl/koop/amsterdam/appartement-41463614-leksmondhof-80/?navigateSource=resultlist
Remmerdenplein 22,https://www.funda.nl/koop/amsterdam/appartement-87817178-remmerdenplein-22/?navigateSource=resultlist
Akersingel 80,https://www.funda.nl/koop/amsterdam/appartement-86448864-akersingel-80/?navigateSource=resultlist
Jozef Israëlskade 82 -1,https://www.funda.nl/koop/amsterdam/appartement-41421628-jozef-israelskade-82-1/?navigateSource=resultlist
Ruimzicht 137,https://www.funda.nl/koop/amsterdam/appartement-41429011-ruimzicht-137/?navigateSource=resultlist
Sam van Houtenstraat 277 D,https://www.funda.nl/koop/amsterdam/appartement-41410171-sam-van-houtenstraat-277-d/?navigateSource=resultlist
Marco Polostraat 262 III,https://www.funda.nl/koop/amsterdam/appartement-41490218-marco-polostraat-262-iii/?navigateSource=resultlist
Ruyschstraat 5 4,https://www.funda.nl/koop/amsterdam/appartement-41475460-ruyschstraat-5-4/?navigateSource=resultlist
Nicolaas Anslijnstraat 134,https://www.funda.nl/koop/amsterdam/appartement-40263118-nicolaas-anslijnstraat-134/?navigateSource=resultlist
Pieter Oosterhuisstraat 87,https://www.funda.nl/koop/amsterdam/appartement-41420680-pieter-oosterhuisstraat-87/?navigateSource=resultlist
Baden Powellweg 62 B,https://www.funda.nl/koop/amsterdam/appartement-41429532-baden-powellweg-62-b/?navigateSource=resultlist
Luzacstraat 9 hs,https://www.funda.nl/koop/amsterdam/appartement-41414911-luzacstraat-9-hs/?navigateSource=resultlist
Kuipersstraat 149 A4,https://www.funda.nl/koop/amsterdam/appartement-41414569-kuipersstraat-149-a4/?navigateSource=resultlist
Granidastraat 92 III,https://www.funda.nl/koop/amsterdam/appartement-41410003-granidastraat-92-iii/?navigateSource=resultlist
Willem de Zwijgerlaan 311 I,https://www.funda.nl/koop/amsterdam/appartement-41418513-willem-de-zwijgerlaan-311-i/?navigateSource=resultlist
Hoofdweg 538 III*,https://www.funda.nl/koop/amsterdam/appartement-41403764-hoofdweg-538-iii/?navigateSource=resultlist
Azaleastraat 36,https://www.funda.nl/koop/amsterdam/appartement-41464040-azaleastraat-36/?navigateSource=resultlist
Tretjakovlaan 118 16**,https://www.funda.nl/koop/amsterdam/appartement-41467499-tretjakovlaan-118-16/?navigateSource=resultlist
Sierplein 70,https://www.funda.nl/koop/amsterdam/appartement-40323730-sierplein-70/?navigateSource=resultlist
Beverenstraat 1,https://www.funda.nl/koop/amsterdam/appartement-41418698-beverenstraat-1/?navigateSource=resultlist
Coppelstockstraat 4,https://www.funda.nl/koop/amsterdam/appartement-41409206-coppelstockstraat-4/?navigateSource=resultlist
Akerwateringstraat 103,https://www.funda.nl/koop/amsterdam/appartement-87814716-akerwateringstraat-103/?navigateSource=resultlist
Erich Salomonstraat 641,https://www.funda.nl/koop/amsterdam/appartement-41465057-erich-salomonstraat-641/?navigateSource=resultlist
Blancefloorstraat 4 -3,https://www.funda.nl/koop/amsterdam/appartement-87885895-blancefloorstraat-4-3/?navigateSource=resultlist
Jan Bernardusstraat 28 -ll,https://www.funda.nl/koop/amsterdam/appartement-41426118-jan-bernardusstraat-28-ll/?navigateSource=resultlist
Theodorus Majofskistraat 25 H,https://www.funda.nl/koop/amsterdam/appartement-41426922-theodorus-majofskistraat-25-h/?navigateSource=resultlist
Hofgeest 94,https://www.funda.nl/koop/amsterdam/appartement-41477831-hofgeest-94/?navigateSource=resultlist
Droogbak 10,https://www.funda.nl/koop/amsterdam/appartement-40100686-droogbak-10/?navigateSource=resultlist
Leuvenstraat 120,https://www.funda.nl/koop/amsterdam/appartement-40305266-leuvenstraat-120/?navigateSource=resultlist
Maassluisstraat 212,https://www.funda.nl/koop/amsterdam/appartement-40100286-maassluisstraat-212/?navigateSource=resultlist
Marnixkade 61 H,https://www.funda.nl/koop/amsterdam/appartement-86798821-marnixkade-61-h/?navigateSource=resultlist
Tretjakovlaan 76,https://www.funda.nl/koop/amsterdam/appartement-40330991-tretjakovlaan-76/?navigateSource=resultlist
Merlijnstraat 14 Hs,https://www.funda.nl/koop/amsterdam/appartement-40000295-merlijnstraat-14-hs/?navigateSource=resultlist
Insulindeweg 33 B,https://www.funda.nl/koop/amsterdam/appartement-41420263-insulindeweg-33-b/?navigateSource=resultlist
Baden Powellweg 103,https://www.funda.nl/koop/amsterdam/appartement-41453626-baden-powellweg-103/?navigateSource=resultlist
Werengouw 389,https://www.funda.nl/koop/amsterdam/appartement-40337781-werengouw-389/?navigateSource=resultlist
Kromme Leimuidenstraat 2 -2,https://www.funda.nl/koop/amsterdam/appartement-87885477-kromme-leimuidenstraat-2-2/?navigateSource=resultlist
Leeuwerikstraat 14 C,https://www.funda.nl/koop/amsterdam/appartement-41420415-leeuwerikstraat-14-c/?navigateSource=resultlist
Praterlaan 102,https://www.funda.nl/koop/amsterdam/appartement-41477544-praterlaan-102/?navigateSource=resultlist
Marskramerstraat 142,https://www.funda.nl/koop/amsterdam/appartement-41475145-marskramerstraat-142/?navigateSource=resultlist
Belgiëplein 67,https://www.funda.nl/koop/amsterdam/appartement-41466637-belgieplein-67/?navigateSource=resultlist
Anna Blamansingel 113,https://www.funda.nl/koop/amsterdam/appartement-41465245-anna-blamansingel-113/?navigateSource=resultlist
Catharina Boudewijnshof 21,https://www.funda.nl/koop/amsterdam/appartement-40927939-catharina-boudewijnshof-21/?navigateSource=resultlist
Elpermeer 86,https://www.funda.nl/koop/amsterdam/appartement-41423052-elpermeer-86/?navigateSource=resultlist
Jisperveldstraat 437,https://www.funda.nl/koop/amsterdam/appartement-41403566-jisperveldstraat-437/?navigateSource=resultlist
Hendrik de Bruynstraat 7 3,https://www.funda.nl/koop/amsterdam/appartement-41463906-hendrik-de-bruynstraat-7-3/?navigateSource=resultlist
Eerste Atjehstraat 113 H,https://www.funda.nl/koop/amsterdam/appartement-40221790-eerste-atjehstraat-113-h/?navigateSource=resultlist
Litasweg 37,https://www.funda.nl/koop/amsterdam/appartement-87866150-litasweg-37/?navigateSource=resultlist
Granidastraat 92 1,https://www.funda.nl/koop/amsterdam/appartement-41421625-granidastraat-92-1/?navigateSource=resultlist
Theophilusstraat 14 I,https://www.funda.nl/koop/amsterdam/appartement-41428005-theophilusstraat-14-i/?navigateSource=resultlist
Orteliusstraat 156 2,https://www.funda.nl/koop/amsterdam/appartement-41411999-orteliusstraat-156-2/?navigateSource=resultlist
Merlijnstraat 15 I,https://www.funda.nl/koop/amsterdam/appartement-41411851-merlijnstraat-15-i/?navigateSource=resultlist
Leksmondhof 8,https://www.funda.nl/koop/amsterdam/appartement-41419399-leksmondhof-8/?navigateSource=resultlist
Hogevecht 217,https://www.funda.nl/koop/amsterdam/appartement-40343800-hogevecht-217/?navigateSource=resultlist
Beemsterstraat 478,https://www.funda.nl/koop/amsterdam/appartement-40333364-beemsterstraat-478/?navigateSource=resultlist
Bruins Slotstraat 24,https://www.funda.nl/koop/amsterdam/appartement-40324866-bruins-slotstraat-24/?navigateSource=resultlist
Rietwijkerstraat 43 -3,https://www.funda.nl/koop/amsterdam/appartement-40393220-rietwijkerstraat-43-3/?navigateSource=resultlist
Leksmondhof 356,https://www.funda.nl/koop/amsterdam/appartement-40211946-leksmondhof-356/?navigateSource=resultlist
J.M. den Uylstraat 86,https://www.funda.nl/koop/amsterdam/appartement-40210098-jm-den-uylstraat-86/?navigateSource=resultlist
Haarlemmerweg 561 -III,https://www.funda.nl/koop/amsterdam/appartement-41428194-haarlemmerweg-561-iii/?navigateSource=resultlist
Boterdiepstraat 57 -I,https://www.funda.nl/koop/amsterdam/appartement-41427712-boterdiepstraat-57-i/?navigateSource=resultlist
Postjesweg 371,https://www.funda.nl/koop/amsterdam/appartement-87878997-postjesweg-371/?navigateSource=resultlist
Madurastraat 115,https://www.funda.nl/koop/amsterdam/appartement-41411618-madurastraat-115/?navigateSource=resultlist
Haarlemmerstraat 79 B,https://www.funda.nl/koop/amsterdam/appartement-87872915-haarlemmerstraat-79-b/?navigateSource=resultlist
Wittgensteinlaan 204,https://www.funda.nl/koop/amsterdam/appartement-41414153-wittgensteinlaan-204/?navigateSource=resultlist
Toutenburgstraat 10,https://www.funda.nl/koop/amsterdam/appartement-41417746-toutenburgstraat-10/?navigateSource=resultlist
Mr. P.N. Arntzeniusweg 13 3,https://www.funda.nl/koop/amsterdam/appartement-41475548-mr-pn-arntzeniusweg-13-3/?navigateSource=resultlist
Valkenburgerstraat 138 D.,https://www.funda.nl/koop/amsterdam/appartement-40314099-valkenburgerstraat-138-d/?navigateSource=resultlist
Bestevâerstraat 166 2,https://www.funda.nl/koop/amsterdam/appartement-40192897-bestevaerstraat-166-2/?navigateSource=resultlist
Uithoornstraat 25 III,https://www.funda.nl/koop/amsterdam/appartement-41423008-uithoornstraat-25-iii/?navigateSource=resultlist
De Boelelaan 307,https://www.funda.nl/koop/amsterdam/appartement-41412785-de-boelelaan-307/?navigateSource=resultlist
Boeninlaan 83,https://www.funda.nl/koop/amsterdam/appartement-87875854-boeninlaan-83/?navigateSource=resultlist
Gerard Schaepstraat 1 hs,https://www.funda.nl/koop/amsterdam/appartement-87875817-gerard-schaepstraat-1-hs/?navigateSource=resultlist
Westerlengte 29,https://www.funda.nl/koop/amsterdam/appartement-87866038-westerlengte-29/?navigateSource=resultlist
Julius Pergerstraat 146,https://www.funda.nl/koop/amsterdam/appartement-87853316-julius-pergerstraat-146/?navigateSource=resultlist
Duke Ellingtonstraat 28,https://www.funda.nl/koop/amsterdam/appartement-40288795-duke-ellingtonstraat-28/?navigateSource=resultlist
Amerbos 78,https://www.funda.nl/koop/amsterdam/appartement-86447320-amerbos-78/?navigateSource=resultlist
De la Reijstraat 3 -B,https://www.funda.nl/koop/amsterdam/appartement-41412613-de-la-reijstraat-3-b/?navigateSource=resultlist
Dijkgraafplein 401,https://www.funda.nl/koop/amsterdam/appartement-41419066-dijkgraafplein-401/?navigateSource=resultlist
Pieter Calandlaan 516,https://www.funda.nl/koop/amsterdam/appartement-86707156-pieter-calandlaan-516/?navigateSource=resultlist
Leusdenhof 81,https://www.funda.nl/koop/amsterdam/appartement-87815840-leusdenhof-81/?navigateSource=resultlist
Djambistraat 42 -1,https://www.funda.nl/koop/amsterdam/appartement-87899112-djambistraat-42-1/?navigateSource=resultlist
Zaanstraat 352,https://www.funda.nl/koop/amsterdam/appartement-41420172-zaanstraat-352/?navigateSource=resultlist
Willem de Zwijgerlaan 92 -1,https://www.funda.nl/koop/amsterdam/appartement-87878662-willem-de-zwijgerlaan-92-1/?navigateSource=resultlist
Hoofdweg 187 II,https://www.funda.nl/koop/amsterdam/appartement-41407162-hoofdweg-187-ii/?navigateSource=resultlist
Steenderenstraat 60,https://www.funda.nl/koop/amsterdam/appartement-41405615-steenderenstraat-60/?navigateSource=resultlist
Nicolaas Anslijnstraat 178,https://www.funda.nl/koop/amsterdam/appartement-87855018-nicolaas-anslijnstraat-178/?navigateSource=resultlist
Admiraal De Ruijterweg 413 -3,https://www.funda.nl/koop/amsterdam/appartement-87854945-admiraal-de-ruijterweg-413-3/?navigateSource=resultlist
Grootzeil 199,https://www.funda.nl/koop/amsterdam/appartement-41498332-grootzeil-199/?navigateSource=resultlist
Tweede Atjehstraat 5 C,https://www.funda.nl/koop/amsterdam/appartement-41453894-tweede-atjehstraat-5-c/?navigateSource=resultlist
Nicolaas Anslijnstraat 44,https://www.funda.nl/koop/amsterdam/appartement-86784698-nicolaas-anslijnstraat-44/?navigateSource=resultlist
Goeman Borgesiusstraat 4 F,https://www.funda.nl/koop/amsterdam/appartement-40219424-goeman-borgesiusstraat-4-f/?navigateSource=resultlist
Goeman Borgesiusstraat 4 C,https://www.funda.nl/koop/amsterdam/appartement-40218236-goeman-borgesiusstraat-4-c/?navigateSource=resultlist
Adolphine Eduardine Kokplantsoen 42,https://www.funda.nl/koop/amsterdam/appartement-40006330-adolphine-eduardine-kokplantsoen-42/?navigateSource=resultlist
Johan Hofmanstraat 151,https://www.funda.nl/koop/amsterdam/appartement-41402508-johan-hofmanstraat-151/?navigateSource=resultlist
Mosveld 98 D,https://www.funda.nl/koop/amsterdam/appartement-87865798-mosveld-98-d/?navigateSource=resultlist
Burgemeester Van de Pollstraat 52 B,https://www.funda.nl/koop/amsterdam/appartement-41408193-burgemeester-van-de-pollstraat-52-b/?navigateSource=resultlist
Loevestein 169,https://www.funda.nl/koop/amsterdam/appartement-41494523-loevestein-169/?navigateSource=resultlist
Giessenburg 36,https://www.funda.nl/koop/amsterdam/appartement-41499938-giessenburg-36/?navigateSource=resultlist
IJdoornlaan 1463 D,https://www.funda.nl/koop/amsterdam/appartement-87831939-ijdoornlaan-1463-d/?navigateSource=resultlist
Osdorper Ban 189,https://www.funda.nl/koop/amsterdam/appartement-87831262-osdorper-ban-189/?navigateSource=resultlist
Lekstraat 73 3,https://www.funda.nl/koop/amsterdam/appartement-87821815-lekstraat-73-3/?navigateSource=resultlist
Javastraat 74 3,https://www.funda.nl/koop/amsterdam/appartement-87821622-javastraat-74-3/?navigateSource=resultlist
Wijnand Nuijenstraat 110,https://www.funda.nl/koop/amsterdam/appartement-41467060-wijnand-nuijenstraat-110/?navigateSource=resultlist
Sint Gilleshof 8,https://www.funda.nl/koop/amsterdam/appartement-41450380-sint-gilleshof-8/?navigateSource=resultlist
Osdorper Ban 667,https://www.funda.nl/koop/amsterdam/appartement-41458569-osdorper-ban-667/?navigateSource=resultlist
Von Zesenstraat 334,https://www.funda.nl/koop/amsterdam/appartement-86706946-von-zesenstraat-334/?navigateSource=resultlist
Langswater 710,https://www.funda.nl/koop/amsterdam/appartement-40348311-langswater-710/?navigateSource=resultlist
S. F. van Ossstraat 332,https://www.funda.nl/koop/amsterdam/appartement-40346214-s-f-van-ossstraat-332/?navigateSource=resultlist
Johan Hofmanstraat 142,https://www.funda.nl/koop/amsterdam/appartement-40337119-johan-hofmanstraat-142/?navigateSource=resultlist
IJburglaan 1051,https://www.funda.nl/koop/amsterdam/appartement-40377241-ijburglaan-1051/?navigateSource=resultlist
Hoofdweg 404 1,https://www.funda.nl/koop/amsterdam/appartement-86638883-hoofdweg-404-1/?navigateSource=resultlist
Hillegomstraat 15 II,https://www.funda.nl/koop/amsterdam/appartement-86587171-hillegomstraat-15-ii/?navigateSource=resultlist
President Kennedylaan 124 -3,https://www.funda.nl/koop/amsterdam/appartement-41423911-president-kennedylaan-124-3/?navigateSource=resultlist
Raoul Wallenbergstraat 111,https://www.funda.nl/koop/amsterdam/appartement-87885466-raoul-wallenbergstraat-111/?navigateSource=resultlist
Esmoreitstraat 8 III,https://www.funda.nl/koop/amsterdam/appartement-87882206-esmoreitstraat-8-iii/?navigateSource=resultlist
Zeeburgerdijk 31 -I,https://www.funda.nl/koop/amsterdam/appartement-41427832-zeeburgerdijk-31-i/?navigateSource=resultlist
Bijlmerdreef 909,https://www.funda.nl/koop/amsterdam/appartement-87878897-bijlmerdreef-909/?navigateSource=resultlist
Willem Heselaarsstraat 14,https://www.funda.nl/koop/amsterdam/appartement-87875610-willem-heselaarsstraat-14/?navigateSource=resultlist
Amerbos 261,https://www.funda.nl/koop/amsterdam/appartement-41411916-amerbos-261/?navigateSource=resultlist
Papendrechtstraat 69,https://www.funda.nl/koop/amsterdam/appartement-87868702-papendrechtstraat-69/?navigateSource=resultlist
Ennemaborg 3,https://www.funda.nl/koop/amsterdam/appartement-41401579-ennemaborg-3/?navigateSource=resultlist
Griseldestraat 38 I,https://www.funda.nl/koop/amsterdam/appartement-41408153-griseldestraat-38-i/?navigateSource=resultlist
Esther de Boer-van Rijkstraat 102 II,https://www.funda.nl/koop/amsterdam/appartement-41469010-esther-de-boer-van-rijkstraat-102-ii/?navigateSource=resultlist
Groenhoven 860,https://www.funda.nl/koop/amsterdam/appartement-41451211-groenhoven-860/?navigateSource=resultlist
Reigersbos 177,https://www.funda.nl/koop/amsterdam/appartement-87814045-reigersbos-177/?navigateSource=resultlist
Loenermark 828,https://www.funda.nl/koop/amsterdam/appartement-87812256-loenermark-828/?navigateSource=resultlist
Jisperveldstraat 28,https://www.funda.nl/koop/amsterdam/appartement-41456441-jisperveldstraat-28/?navigateSource=resultlist
Nicolaas Anslijnstraat 186,https://www.funda.nl/koop/amsterdam/appartement-40349420-nicolaas-anslijnstraat-186/?navigateSource=resultlist
Lambertus Zijlplein 43,https://www.funda.nl/koop/amsterdam/appartement-86799101-lambertus-zijlplein-43/?navigateSource=resultlist
Sam van Houtenstraat 275 D,https://www.funda.nl/koop/amsterdam/appartement-86785248-sam-van-houtenstraat-275-d/?navigateSource=resultlist
Jan Evertsenstraat 705,https://www.funda.nl/koop/amsterdam/appartement-86773729-jan-evertsenstraat-705/?navigateSource=resultlist
Tussen Meer 198,https://www.funda.nl/koop/amsterdam/appartement-86753895-tussen-meer-198/?navigateSource=resultlist
Esther de Boer-van Rijkstraat 66 II,https://www.funda.nl/koop/amsterdam/appartement-40206288-esther-de-boer-van-rijkstraat-66-ii/?navigateSource=resultlist
Grootzeil 177,https://www.funda.nl/koop/amsterdam/appartement-40068822-grootzeil-177/?navigateSource=resultlist
Voorthuizenstraat 58,https://www.funda.nl/koop/amsterdam/appartement-40493984-voorthuizenstraat-58/?navigateSource=resultlist
Bilderdijkstraat 178 III,https://www.funda.nl/koop/amsterdam/appartement-41400417-bilderdijkstraat-178-iii/?navigateSource=resultlist
Jan Witheijnstraat 41,https://www.funda.nl/koop/amsterdam/appartement-41494287-jan-witheijnstraat-41/?navigateSource=resultlist
Langswater 491,https://www.funda.nl/koop/amsterdam/appartement-41476166-langswater-491/?navigateSource=resultlist
Melis Stokehof 84,https://www.funda.nl/koop/amsterdam/appartement-41475564-melis-stokehof-84/?navigateSource=resultlist
Jan van Schaffelaarplantsoen 15 C,https://www.funda.nl/koop/amsterdam/appartement-41464382-jan-van-schaffelaarplantsoen-15-c/?navigateSource=resultlist
Van Spilbergenstraat 119 3,https://www.funda.nl/koop/amsterdam/appartement-87828188-van-spilbergenstraat-119-3/?navigateSource=resultlist
Dijkgraafplein 247,https://www.funda.nl/koop/amsterdam/appartement-41461207-dijkgraafplein-247/?navigateSource=resultlist
Langswater 584,https://www.funda.nl/koop/amsterdam/appartement-41468538-langswater-584/?navigateSource=resultlist
Abebe Bikilalaan 27,https://www.funda.nl/koop/amsterdam/appartement-41466281-abebe-bikilalaan-27/?navigateSource=resultlist
Wamelplein 32,https://www.funda.nl/koop/amsterdam/appartement-41466622-wamelplein-32/?navigateSource=resultlist
Jan de Louterstraat 22,https://www.funda.nl/koop/amsterdam/appartement-41454174-jan-de-louterstraat-22/?navigateSource=resultlist
Ladogameerhof 85,https://www.funda.nl/koop/amsterdam/appartement-41454057-ladogameerhof-85/?navigateSource=resultlist
Burgemeester Cramergracht 76,https://www.funda.nl/koop/amsterdam/appartement-41452971-burgemeester-cramergracht-76/?navigateSource=resultlist
H. Cleyndertweg 815,https://www.funda.nl/koop/amsterdam/appartement-41452820-h-cleyndertweg-815/?navigateSource=resultlist
Van Boshuizenstraat 471,https://www.funda.nl/koop/amsterdam/appartement-87816223-van-boshuizenstraat-471/?navigateSource=resultlist
Burgemeester Röellstraat 592,https://www.funda.nl/koop/amsterdam/appartement-41458753-burgemeester-roellstraat-592/?navigateSource=resultlist
Wijenburg 31,https://www.funda.nl/koop/amsterdam/appartement-41455649-wijenburg-31/?navigateSource=resultlist
Ruys de Beerenbrouckstraat 87,https://www.funda.nl/koop/amsterdam/appartement-40341327-ruys-de-beerenbrouckstraat-87/?navigateSource=resultlist
Jan de Jonghstraat 17,https://www.funda.nl/koop/amsterdam/appartement-40340272-jan-de-jonghstraat-17/?navigateSource=resultlist
Von Zesenstraat 324,https://www.funda.nl/koop/amsterdam/appartement-40340935-von-zesenstraat-324/?navigateSource=resultlist
Tussen Meer 190,https://www.funda.nl/koop/amsterdam/appartement-40345310-tussen-meer-190/?navigateSource=resultlist
Botterstraat 26,https://www.funda.nl/koop/amsterdam/appartement-40313723-botterstraat-26/?navigateSource=resultlist
Langswater 559,https://www.funda.nl/koop/amsterdam/appartement-40377547-langswater-559/?navigateSource=resultlist
Johan Hofmanstraat 287,https://www.funda.nl/koop/amsterdam/appartement-40227712-johan-hofmanstraat-287/?navigateSource=resultlist
Akerwateringstraat 121,https://www.funda.nl/koop/amsterdam/appartement-40211253-akerwateringstraat-121/?navigateSource=resultlist
Langswater 365,https://www.funda.nl/koop/amsterdam/appartement-40219214-langswater-365/?navigateSource=resultlist
Bijlmerdreef 1102 B,https://www.funda.nl/koop/amsterdam/appartement-40292915-bijlmerdreef-1102-b/?navigateSource=resultlist
Adolphine Eduardine Kokplantsoen 44,https://www.funda.nl/koop/amsterdam/appartement-86628892-adolphine-eduardine-kokplantsoen-44/?navigateSource=resultlist
Johan Hofmanstraat 224,https://www.funda.nl/koop/amsterdam/appartement-41424729-johan-hofmanstraat-224/?navigateSource=resultlist
Vancouverstraat 4 2,https://www.funda.nl/koop/amsterdam/appartement-41423437-vancouverstraat-4-2/?navigateSource=resultlist
De Egmondenstraat 61,https://www.funda.nl/koop/amsterdam/appartement-87886417-de-egmondenstraat-61/?navigateSource=resultlist
Kleiburg 844,https://www.funda.nl/koop/amsterdam/appartement-87875692-kleiburg-844/?navigateSource=resultlist
Van Nijenrodeweg 95,https://www.funda.nl/koop/amsterdam/appartement-41411754-van-nijenrodeweg-95/?navigateSource=resultlist
Het Breed 737,https://www.funda.nl/koop/amsterdam/appartement-41410147-het-breed-737/?navigateSource=resultlist
Bijlmerdreef 1167,https://www.funda.nl/koop/amsterdam/appartement-87874320-bijlmerdreef-1167/?navigateSource=resultlist
Javastraat 192 H,https://www.funda.nl/koop/amsterdam/appartement-87872725-javastraat-192-h/?navigateSource=resultlist
Gouden Leeuw 528,https://www.funda.nl/koop/amsterdam/appartement-87831876-gouden-leeuw-528/?navigateSource=resultlist
Montfoorthof 146,https://www.funda.nl/koop/amsterdam/appartement-41469351-montfoorthof-146/?navigateSource=resultlist
Admiraal De Ruijterweg 482 1,https://www.funda.nl/koop/amsterdam/appartement-41465446-admiraal-de-ruijterweg-482-1/?navigateSource=resultlist
Fritz Conijnstraat 26 3,https://www.funda.nl/koop/amsterdam/appartement-41451520-fritz-conijnstraat-26-3/?navigateSource=resultlist
Valkhof 21,https://www.funda.nl/koop/amsterdam/appartement-41458533-valkhof-21/?navigateSource=resultlist
Tweede Oosterparkstraat 188 3,https://www.funda.nl/koop/amsterdam/appartement-41458410-tweede-oosterparkstraat-188-3/?navigateSource=resultlist
Bestevâerstraat 52 2,https://www.funda.nl/koop/amsterdam/appartement-40342992-bestevaerstraat-52-2/?navigateSource=resultlist
Millingenhof 268,https://www.funda.nl/koop/amsterdam/appartement-40349659-millingenhof-268/?navigateSource=resultlist
Sint Gilleshof 4,https://www.funda.nl/koop/amsterdam/appartement-86797194-sint-gilleshof-4/?navigateSource=resultlist
Grootzeil 129,https://www.funda.nl/koop/amsterdam/appartement-86782200-grootzeil-129/?navigateSource=resultlist
Raoul Wallenbergstraat 108,https://www.funda.nl/koop/amsterdam/appartement-86631669-raoul-wallenbergstraat-108/?navigateSource=resultlist
Zilverberg 126,https://www.funda.nl/koop/amsterdam/appartement-40115221-zilverberg-126/?navigateSource=resultlist
Orteliusstraat 285 hs,https://www.funda.nl/koop/amsterdam/appartement-41410402-orteliusstraat-285-hs/?navigateSource=resultlist
Dolingadreef 123,https://www.funda.nl/koop/amsterdam/appartement-41460594-dolingadreef-123/?navigateSource=resultlist
Balboastraat 56 II,https://www.funda.nl/koop/amsterdam/appartement-41469744-balboastraat-56-ii/?navigateSource=resultlist
Amerbos 233,https://www.funda.nl/koop/amsterdam/appartement-41453381-amerbos-233/?navigateSource=resultlist
Landzicht 31,https://www.funda.nl/koop/amsterdam/appartement-41452813-landzicht-31/?navigateSource=resultlist
Johan van der Keukenstraat 202,https://www.funda.nl/koop/amsterdam/appartement-87814693-johan-van-der-keukenstraat-202/?navigateSource=resultlist
S. F. van Ossstraat 240,https://www.funda.nl/koop/amsterdam/appartement-41450416-s-f-van-ossstraat-240/?navigateSource=resultlist
Johan Hofmanstraat 339,https://www.funda.nl/koop/amsterdam/appartement-41458660-johan-hofmanstraat-339/?navigateSource=resultlist
Antillenstraat 38 I,https://www.funda.nl/koop/amsterdam/appartement-87819835-antillenstraat-38-i/?navigateSource=resultlist
Lijnbaansgracht 164 B,https://www.funda.nl/koop/amsterdam/appartement-86705512-lijnbaansgracht-164-b/?navigateSource=resultlist
Elckerlijcstraat 46 I,https://www.funda.nl/koop/amsterdam/appartement-40347298-elckerlijcstraat-46-i/?navigateSource=resultlist
Albatrospad 84,https://www.funda.nl/koop/amsterdam/appartement-40331108-albatrospad-84/?navigateSource=resultlist
Dijkgraafplein 65,https://www.funda.nl/koop/amsterdam/appartement-40330059-dijkgraafplein-65/?navigateSource=resultlist
Liendenhof 41,https://www.funda.nl/koop/amsterdam/appartement-40322500-liendenhof-41/?navigateSource=resultlist
Gillis van Ledenberchstraat 27 -H,https://www.funda.nl/koop/amsterdam/appartement-40321082-gillis-van-ledenberchstraat-27-h/?navigateSource=resultlist
Erich Salomonstraat 144,https://www.funda.nl/koop/amsterdam/appartement-40317876-erich-salomonstraat-144/?navigateSource=resultlist
Geer Ban 35,https://www.funda.nl/koop/amsterdam/appartement-40315672-geer-ban-35/?navigateSource=resultlist
Streefkerkstraat 73,https://www.funda.nl/koop/amsterdam/appartement-40391062-streefkerkstraat-73/?navigateSource=resultlist
Spanderswoudstraat 84,https://www.funda.nl/koop/amsterdam/appartement-40205290-spanderswoudstraat-84/?navigateSource=resultlist
Kleiburg 634,https://www.funda.nl/koop/amsterdam/appartement-40282977-kleiburg-634/?navigateSource=resultlist
Kleiburg 722,https://www.funda.nl/koop/amsterdam/appartement-87899079-kleiburg-722/?navigateSource=resultlist
Haarlemmerweg 557 -2,https://www.funda.nl/koop/amsterdam/appartement-41412176-haarlemmerweg-557-2/?navigateSource=resultlist
Spinakerhof 100,https://www.funda.nl/koop/amsterdam/appartement-40338485-spinakerhof-100/?navigateSource=resultlist
Langswater 588,https://www.funda.nl/koop/amsterdam/appartement-40327071-langswater-588/?navigateSource=resultlist
Strackéstraat 143,https://www.funda.nl/koop/amsterdam/appartement-87864598-strackestraat-143/?navigateSource=resultlist
Gibraltarstraat 63 1,https://www.funda.nl/koop/amsterdam/appartement-41464572-gibraltarstraat-63-1/?navigateSource=resultlist
Egidiusstraat 105 I,https://www.funda.nl/koop/amsterdam/appartement-41465379-egidiusstraat-105-i/?navigateSource=resultlist
Heer Halewijnstraat 3 II,https://www.funda.nl/koop/amsterdam/appartement-41457913-heer-halewijnstraat-3-ii/?navigateSource=resultlist
Loenermark 561,https://www.funda.nl/koop/amsterdam/appartement-40347332-loenermark-561/?navigateSource=resultlist
Max Planckstraat 19 I,https://www.funda.nl/koop/amsterdam/appartement-40346962-max-planckstraat-19-i/?navigateSource=resultlist
Banne Buikslootlaan 115 -A,https://www.funda.nl/koop/amsterdam/appartement-40333216-banne-buikslootlaan-115-a/?navigateSource=resultlist
Maria Austriastraat 730,https://www.funda.nl/koop/amsterdam/appartement-40332801-maria-austriastraat-730/?navigateSource=resultlist
Albardagracht 66 T,https://www.funda.nl/koop/amsterdam/appartement-40324660-albardagracht-66-t/?navigateSource=resultlist
Abebe Bikilalaan 41,https://www.funda.nl/koop/amsterdam/appartement-40329919-abebe-bikilalaan-41/?navigateSource=resultlist
Burgemeester Hogguerstraat 1133,https://www.funda.nl/koop/amsterdam/appartement-40329865-burgemeester-hogguerstraat-1133/?navigateSource=resultlist
Schoorlstraat 200,https://www.funda.nl/koop/amsterdam/appartement-40327771-schoorlstraat-200/?navigateSource=resultlist
Pieter Calandlaan 702,https://www.funda.nl/koop/amsterdam/appartement-40215380-pieter-calandlaan-702/?navigateSource=resultlist
Wittgensteinlaan 229,https://www.funda.nl/koop/amsterdam/appartement-40203241-wittgensteinlaan-229/?navigateSource=resultlist
Van Nijenrodeweg 763,https://www.funda.nl/koop/amsterdam/appartement-40201354-van-nijenrodeweg-763/?navigateSource=resultlist
1e Kekerstraat 141,https://www.funda.nl/koop/amsterdam/appartement-40291942-1e-kekerstraat-141/?navigateSource=resultlist
Eastonstraat 41,https://www.funda.nl/koop/amsterdam/appartement-40298030-eastonstraat-41/?navigateSource=resultlist
Avogadrostraat 5 II,https://www.funda.nl/koop/amsterdam/appartement-40271562-avogadrostraat-5-ii/?navigateSource=resultlist
Louis Chrispijnstraat 19,https://www.funda.nl/koop/amsterdam/appartement-41426165-louis-chrispijnstraat-19/?navigateSource=resultlist
Groen van Prinstererstraat 79 hs,https://www.funda.nl/koop/amsterdam/appartement-41400610-groen-van-prinstererstraat-79-hs/?navigateSource=resultlist
Crack-State 61,https://www.funda.nl/koop/amsterdam/appartement-87814834-crack-state-61/?navigateSource=resultlist
Spanderswoudstraat 16,https://www.funda.nl/koop/amsterdam/appartement-40297905-spanderswoudstraat-16/?navigateSource=resultlist
Conny Stuartstraat 7,https://www.funda.nl/koop/amsterdam/appartement-40288842-conny-stuartstraat-7/?navigateSource=resultlist
Conny Stuartstraat 13,https://www.funda.nl/koop/amsterdam/appartement-40288756-conny-stuartstraat-13/?navigateSource=resultlist
Antillenstraat 21 1,https://www.funda.nl/koop/amsterdam/appartement-49951930-antillenstraat-21-1/?navigateSource=resultlist
Centrumeiland CP-GO bnr 27,https://www.funda.nl/koop/amsterdam/appartement-40392537-centrumeiland-cp-go-bnr-27/?navigateSource=resultlist
Maria Austriastraat 113,https://www.funda.nl/koop/amsterdam/appartement-41475312-maria-austriastraat-113/?navigateSource=resultlist
Kermispad 119,https://www.funda.nl/koop/amsterdam/appartement-41454584-kermispad-119/?navigateSource=resultlist
Vespuccistraat 101 II,https://www.funda.nl/koop/amsterdam/appartement-41450619-vespuccistraat-101-ii/?navigateSource=resultlist
Julius Pergerstraat 154,https://www.funda.nl/koop/amsterdam/appartement-41458541-julius-pergerstraat-154/?navigateSource=resultlist
Ponserstraat 28,https://www.funda.nl/koop/amsterdam/appartement-40311931-ponserstraat-28/?navigateSource=resultlist
Akerwateringstraat 159,https://www.funda.nl/koop/amsterdam/appartement-40331490-akerwateringstraat-159/?navigateSource=resultlist
Hoofdweg 397 -II,https://www.funda.nl/koop/amsterdam/appartement-40328161-hoofdweg-397-ii/?navigateSource=resultlist
Van Nijenrodeweg 775,https://www.funda.nl/koop/amsterdam/appartement-40226249-van-nijenrodeweg-775/?navigateSource=resultlist
Hoofdweg 285 - 3,https://www.funda.nl/koop/amsterdam/appartement-41410182-hoofdweg-285-3/?navigateSource=resultlist
Osdorper Ban 731,https://www.funda.nl/koop/amsterdam/appartement-41406011-osdorper-ban-731/?navigateSource=resultlist
Kinkerstraat 19 II,https://www.funda.nl/koop/amsterdam/appartement-87828937-kinkerstraat-19-ii/?navigateSource=resultlist
Bouvigne 16 3,https://www.funda.nl/koop/amsterdam/appartement-40333521-bouvigne-16-3/?navigateSource=resultlist
Baden Powellweg 54 D,https://www.funda.nl/koop/amsterdam/appartement-40339433-baden-powellweg-54-d/?navigateSource=resultlist
Cornelis Krusemanstraat 85 hs,https://www.funda.nl/koop/amsterdam/appartement-40326613-cornelis-krusemanstraat-85-hs/?navigateSource=resultlist
Savelsbos 8,https://www.funda.nl/koop/amsterdam/appartement-40325334-savelsbos-8/?navigateSource=resultlist
Wamelplein 151,https://www.funda.nl/koop/amsterdam/appartement-41424609-wamelplein-151/?navigateSource=resultlist
Herculesstraat 56 C,https://www.funda.nl/koop/amsterdam/appartement-41423392-herculesstraat-56-c/?navigateSource=resultlist
Boeroestraat 70,https://www.funda.nl/koop/amsterdam/appartement-41423935-boeroestraat-70/?navigateSource=resultlist
Schaepmanstraat 1 II,https://www.funda.nl/koop/amsterdam/appartement-41468775-schaepmanstraat-1-ii/?navigateSource=resultlist
Julius Pergerstraat 13,https://www.funda.nl/koop/amsterdam/appartement-41467928-julius-pergerstraat-13/?navigateSource=resultlist
Alkmaarstraat 209,https://www.funda.nl/koop/amsterdam/appartement-41456166-alkmaarstraat-209/?navigateSource=resultlist
Javastraat 50 II,https://www.funda.nl/koop/amsterdam/appartement-40343805-javastraat-50-ii/?navigateSource=resultlist
Elpermeer 210,https://www.funda.nl/koop/amsterdam/appartement-40322198-elpermeer-210/?navigateSource=resultlist
Boterdiepstraat 56 I,https://www.funda.nl/koop/amsterdam/appartement-41492528-boterdiepstraat-56-i/?navigateSource=resultlist
Lederambachtstraat 106,https://www.funda.nl/koop/amsterdam/appartement-87812794-lederambachtstraat-106/?navigateSource=resultlist
Blasiusstraat 138 I,https://www.funda.nl/koop/amsterdam/appartement-86703590-blasiusstraat-138-i/?navigateSource=resultlist
Van Heenvlietlaan 392 2,https://www.funda.nl/koop/amsterdam/appartement-40330499-van-heenvlietlaan-392-2/?navigateSource=resultlist
Derde Weteringdwarsstraat 44,https://www.funda.nl/koop/amsterdam/appartement-40091658-derde-weteringdwarsstraat-44/?navigateSource=resultlist
Liendenhof 251,https://www.funda.nl/koop/amsterdam/appartement-41407372-liendenhof-251/?navigateSource=resultlist
Gerrit Mannourystraat 94,https://www.funda.nl/koop/amsterdam/appartement-41450603-gerrit-mannourystraat-94/?navigateSource=resultlist
Bestevâerstraat 119 I,https://www.funda.nl/koop/amsterdam/appartement-40134669-bestevaerstraat-119-i/?navigateSource=resultlist
Bakkumstraat 40,https://www.funda.nl/koop/amsterdam/appartement-86683473-bakkumstraat-40/?navigateSource=resultlist
Marskramerstraat 138,https://www.funda.nl/koop/amsterdam/appartement-86649481-marskramerstraat-138/?navigateSource=resultlist
Muiderlaan 5,https://www.funda.nl/koop/amsterdam/appartement-87827882-muiderlaan-5/?navigateSource=resultlist
Hudsonstraat 3 I,https://www.funda.nl/koop/amsterdam/appartement-40349080-hudsonstraat-3-i/?navigateSource=resultlist
Andries Copierstraat 106,https://www.funda.nl/koop/amsterdam/appartement-86673604-andries-copierstraat-106/?navigateSource=resultlist
Ruimzicht 181,https://www.funda.nl/koop/amsterdam/appartement-41453655-ruimzicht-181/?navigateSource=resultlist
Haarlemmerweg 493 A,https://www.funda.nl/koop/amsterdam/appartement-40311315-haarlemmerweg-493-a/?navigateSource=resultlist
Rijnstraat 60 III,https://www.funda.nl/koop/amsterdam/appartement-41464997-rijnstraat-60-iii/?navigateSource=resultlist
Reizigersweg 3,https://www.funda.nl/koop/amsterdam/appartement-40347897-reizigersweg-3/?navigateSource=resultlist
Corversbosstraat 79,https://www.funda.nl/koop/amsterdam/appartement-40330978-corversbosstraat-79/?navigateSource=resultlist
Langswater 480,https://www.funda.nl/koop/amsterdam/appartement-40346624-langswater-480/?navigateSource=resultlist
Circusplein 35,https://www.funda.nl/koop/amsterdam/appartement-40345083-circusplein-35/?navigateSource=resultlist
Granidastraat 60 II,https://www.funda.nl/koop/amsterdam/appartement-40339284-granidastraat-60-ii/?navigateSource=resultlist
Pieter Aertszstraat 96 -III,https://www.funda.nl/koop/amsterdam/appartement-40261294-pieter-aertszstraat-96-iii/?navigateSource=resultlist
Nedersticht 212,https://www.funda.nl/koop/amsterdam/appartement-40338190-nedersticht-212/?navigateSource=resultlist
Lanseloetstraat 42 II,https://www.funda.nl/koop/amsterdam/appartement-41409096-lanseloetstraat-42-ii/?navigateSource=resultlist
Generaal Vetterstraat 6 B,https://www.funda.nl/koop/amsterdam/appartement-87862638-generaal-vetterstraat-6-b/?navigateSource=resultlist
Haarlemmerweg 139 1,https://www.funda.nl/koop/amsterdam/appartement-41494196-haarlemmerweg-139-1/?navigateSource=resultlist
Fazantenweg 75,https://www.funda.nl/koop/amsterdam/appartement-41492961-fazantenweg-75/?navigateSource=resultlist
President Brandstraat 318,https://www.funda.nl/koop/amsterdam/appartement-41491777-president-brandstraat-318/?navigateSource=resultlist
Insulindeweg 60 D,https://www.funda.nl/koop/amsterdam/appartement-41490276-insulindeweg-60-d/?navigateSource=resultlist
Pasteurstraat 35 I*,https://www.funda.nl/koop/amsterdam/appartement-41467162-pasteurstraat-35-i/?navigateSource=resultlist
Spaarndammerstraat 472,https://www.funda.nl/koop/amsterdam/appartement-41467559-spaarndammerstraat-472/?navigateSource=resultlist
Kolfschotenstraat 120,https://www.funda.nl/koop/amsterdam/appartement-41451597-kolfschotenstraat-120/?navigateSource=resultlist
Bestevâerstraat 96 3,https://www.funda.nl/koop/amsterdam/appartement-41455573-bestevaerstraat-96-3/?navigateSource=resultlist
Van Ostadestraat 241 D,https://www.funda.nl/koop/amsterdam/appartement-40340269-van-ostadestraat-241-d/?navigateSource=resultlist
Leeuwerikstraat 78 A,https://www.funda.nl/koop/amsterdam/appartement-40347066-leeuwerikstraat-78-a/?navigateSource=resultlist
Spaarndammerstraat 19 II,https://www.funda.nl/koop/amsterdam/appartement-40331695-spaarndammerstraat-19-ii/?navigateSource=resultlist
Oostenburgervoorstraat 30,https://www.funda.nl/koop/amsterdam/appartement-40317509-oostenburgervoorstraat-30/?navigateSource=resultlist
Schaarsbergenstraat 65,https://www.funda.nl/koop/amsterdam/appartement-40220382-schaarsbergenstraat-65/?navigateSource=resultlist
Leksmondhof 321,https://www.funda.nl/koop/amsterdam/appartement-40211067-leksmondhof-321/?navigateSource=resultlist
Haarlemmerweg 53 I,https://www.funda.nl/koop/amsterdam/appartement-40200533-haarlemmerweg-53-i/?navigateSource=resultlist
Jan van Galenstraat 115 H,https://www.funda.nl/koop/amsterdam/appartement-86648817-jan-van-galenstraat-115-h/?navigateSource=resultlist
Slauerhoffstraat 38 I,https://www.funda.nl/koop/amsterdam/appartement-40285358-slauerhoffstraat-38-i/?navigateSource=resultlist
Bos en Lommerweg 130 I,https://www.funda.nl/koop/amsterdam/appartement-40135524-bos-en-lommerweg-130-i/?navigateSource=resultlist
Slauerhoffstraat 60 I,https://www.funda.nl/koop/amsterdam/appartement-40190362-slauerhoffstraat-60-i/?navigateSource=resultlist
Laing's Nekstraat 40 I,https://www.funda.nl/koop/amsterdam/appartement-40195460-laing-s-nekstraat-40-i/?navigateSource=resultlist
Groetstraat 51,https://www.funda.nl/koop/amsterdam/appartement-87831120-groetstraat-51/?navigateSource=resultlist
Baden Powellweg 52 C,https://www.funda.nl/koop/amsterdam/appartement-41468063-baden-powellweg-52-c/?navigateSource=resultlist
Baden Powellweg 50 C,https://www.funda.nl/koop/amsterdam/appartement-41468898-baden-powellweg-50-c/?navigateSource=resultlist
Eerste Oosterparkstraat 29 III,https://www.funda.nl/koop/amsterdam/appartement-41466515-eerste-oosterparkstraat-29-iii/?navigateSource=resultlist
Van Oldenbarneveldtstraat 99 2,https://www.funda.nl/koop/amsterdam/appartement-87816251-van-oldenbarneveldtstraat-99-2/?navigateSource=resultlist
Hoogoord 2 B,https://www.funda.nl/koop/amsterdam/appartement-86707753-hoogoord-2-b/?navigateSource=resultlist
Postjesweg 279,https://www.funda.nl/koop/amsterdam/appartement-40340358-postjesweg-279/?navigateSource=resultlist
Insulindeweg 102,https://www.funda.nl/koop/amsterdam/appartement-86709272-insulindeweg-102/?navigateSource=resultlist
Baetostraat 20 -3,https://www.funda.nl/koop/amsterdam/appartement-40333021-baetostraat-20-3/?navigateSource=resultlist
Bankastraat 66 -B,https://www.funda.nl/koop/amsterdam/appartement-40328502-bankastraat-66-b/?navigateSource=resultlist
Erasmusgracht 65 H,https://www.funda.nl/koop/amsterdam/appartement-40316635-erasmusgracht-65-h/?navigateSource=resultlist
Veldzicht 83,https://www.funda.nl/koop/amsterdam/appartement-40243374-veldzicht-83/?navigateSource=resultlist
Hoofdweg 580,https://www.funda.nl/koop/amsterdam/appartement-86622894-hoofdweg-580/?navigateSource=resultlist
Frieslandstraat 15,https://www.funda.nl/koop/amsterdam/appartement-41404757-frieslandstraat-15/?navigateSource=resultlist
Amerbos 306,https://www.funda.nl/koop/amsterdam/appartement-87831211-amerbos-306/?navigateSource=resultlist
Eerste Atjehstraat 112 2,https://www.funda.nl/koop/amsterdam/appartement-87839979-eerste-atjehstraat-112-2/?navigateSource=resultlist
Jan Evertsenstraat 505,https://www.funda.nl/koop/amsterdam/appartement-87813143-jan-evertsenstraat-505/?navigateSource=resultlist
Ilperveldstraat 118,https://www.funda.nl/koop/amsterdam/appartement-41457127-ilperveldstraat-118/?navigateSource=resultlist
Lizzy Ansinghstraat 57,https://www.funda.nl/koop/amsterdam/appartement-41455120-lizzy-ansinghstraat-57/?navigateSource=resultlist
Leerdamhof 291,https://www.funda.nl/koop/amsterdam/appartement-86708906-leerdamhof-291/?navigateSource=resultlist
Bramzeilhof 86,https://www.funda.nl/koop/amsterdam/appartement-86701733-bramzeilhof-86/?navigateSource=resultlist
Burgemeester Cramergracht 164,https://www.funda.nl/koop/amsterdam/appartement-86799796-burgemeester-cramergracht-164/?navigateSource=resultlist
Berthelotstraat 3 huis,https://www.funda.nl/koop/amsterdam/appartement-40314943-berthelotstraat-3-huis/?navigateSource=resultlist
Kolfschotenstraat 278,https://www.funda.nl/koop/amsterdam/appartement-40312444-kolfschotenstraat-278/?navigateSource=resultlist
Kolfschotenstraat 2,https://www.funda.nl/koop/amsterdam/appartement-40312443-kolfschotenstraat-2/?navigateSource=resultlist
Heemstedestraat 26 2,https://www.funda.nl/koop/amsterdam/appartement-40266481-heemstedestraat-26-2/?navigateSource=resultlist
Leenhofstraat 11 1,https://www.funda.nl/koop/amsterdam/appartement-86592262-leenhofstraat-11-1/?navigateSource=resultlist
Molukkenstraat 51 III,https://www.funda.nl/koop/amsterdam/appartement-41490380-molukkenstraat-51-iii/?navigateSource=resultlist
H. Cleyndertweg 305,https://www.funda.nl/koop/amsterdam/appartement-87824995-h-cleyndertweg-305/?navigateSource=resultlist
Spaarndammerstraat 18 C,https://www.funda.nl/koop/amsterdam/appartement-41465448-spaarndammerstraat-18-c/?navigateSource=resultlist
Erich Salomonstraat 152,https://www.funda.nl/koop/amsterdam/appartement-87813211-erich-salomonstraat-152/?navigateSource=resultlist
Jungfrau 1,https://www.funda.nl/koop/amsterdam/appartement-40211542-jungfrau-1/?navigateSource=resultlist
Ilperveldstraat 21,https://www.funda.nl/koop/amsterdam/appartement-40218038-ilperveldstraat-21/?navigateSource=resultlist
Jisperveldstraat 126,https://www.funda.nl/koop/amsterdam/appartement-86660830-jisperveldstraat-126/?navigateSource=resultlist
Haardstee 177,https://www.funda.nl/koop/amsterdam/appartement-40265507-haardstee-177/?navigateSource=resultlist
Westlandgracht 193 1,https://www.funda.nl/koop/amsterdam/appartement-86703167-westlandgracht-193-1/?navigateSource=resultlist
Bos en Lommerweg 303 I,https://www.funda.nl/koop/amsterdam/appartement-40304550-bos-en-lommerweg-303-i/?navigateSource=resultlist
Akerwateringstraat 155,https://www.funda.nl/koop/amsterdam/appartement-86631701-akerwateringstraat-155/?navigateSource=resultlist
Nedersticht 124,https://www.funda.nl/koop/amsterdam/appartement-41412956-nedersticht-124/?navigateSource=resultlist
Lekstraat 7 1,https://www.funda.nl/koop/amsterdam/appartement-41415693-lekstraat-7-1/?navigateSource=resultlist
Valkenburgerstraat 135,https://www.funda.nl/koop/amsterdam/appartement-87853244-valkenburgerstraat-135/?navigateSource=resultlist
J.C. van Epenstraat 15,https://www.funda.nl/koop/amsterdam/appartement-41462748-jc-van-epenstraat-15/?navigateSource=resultlist
Tugelaweg 121 E,https://www.funda.nl/koop/amsterdam/appartement-87824423-tugelaweg-121-e/?navigateSource=resultlist
Oeverpad 551,https://www.funda.nl/koop/amsterdam/appartement-87815631-oeverpad-551/?navigateSource=resultlist
Zuid-Hollandstraat 116 2,https://www.funda.nl/koop/amsterdam/appartement-41450474-zuid-hollandstraat-116-2/?navigateSource=resultlist
Elisabeth Wolffstraat 84 2,https://www.funda.nl/koop/amsterdam/appartement-41459760-elisabeth-wolffstraat-84-2/?navigateSource=resultlist
Von Zesenstraat 233,https://www.funda.nl/koop/amsterdam/appartement-41459562-von-zesenstraat-233/?navigateSource=resultlist
Elpermeer 275,https://www.funda.nl/koop/amsterdam/appartement-41457340-elpermeer-275/?navigateSource=resultlist
Bloys van Treslongstraat 32 II,https://www.funda.nl/koop/amsterdam/appartement-40349314-bloys-van-treslongstraat-32-ii/?navigateSource=resultlist
S. F. van Ossstraat 304,https://www.funda.nl/koop/amsterdam/appartement-40347006-s-f-van-ossstraat-304/?navigateSource=resultlist
Tijl Uilenspiegelstraat 7 I,https://www.funda.nl/koop/amsterdam/appartement-86709455-tijl-uilenspiegelstraat-7-i/?navigateSource=resultlist
Oeverpad 418,https://www.funda.nl/koop/amsterdam/appartement-40333095-oeverpad-418/?navigateSource=resultlist
Surinameplein 23 -1,https://www.funda.nl/koop/amsterdam/appartement-40331378-surinameplein-23-1/?navigateSource=resultlist
Derkinderenstraat 57 -2,https://www.funda.nl/koop/amsterdam/appartement-40322605-derkinderenstraat-57-2/?navigateSource=resultlist
Buitenveldertselaan 35,https://www.funda.nl/koop/amsterdam/appartement-40321381-buitenveldertselaan-35/?navigateSource=resultlist
Sanderijnstraat 11 III,https://www.funda.nl/koop/amsterdam/appartement-40327446-sanderijnstraat-11-iii/?navigateSource=resultlist
Ardennenlaan 148,https://www.funda.nl/koop/amsterdam/appartement-41417107-ardennenlaan-148/?navigateSource=resultlist
Kolfschotenstraat 194,https://www.funda.nl/koop/amsterdam/appartement-41498333-kolfschotenstraat-194/?navigateSource=resultlist
Sanderijnstraat 12 I,https://www.funda.nl/koop/amsterdam/appartement-41477807-sanderijnstraat-12-i/?navigateSource=resultlist
Robert Scottstraat 52 2,https://www.funda.nl/koop/amsterdam/appartement-41475934-robert-scottstraat-52-2/?navigateSource=resultlist
Swammerdamstraat 2 B,https://www.funda.nl/koop/amsterdam/appartement-41464455-swammerdamstraat-2-b/?navigateSource=resultlist
Willem de Zwijgerlaan 66 II,https://www.funda.nl/koop/amsterdam/appartement-41463321-willem-de-zwijgerlaan-66-ii/?navigateSource=resultlist
Woestduinstraat 111 I,https://www.funda.nl/koop/amsterdam/appartement-41463396-woestduinstraat-111-i/?navigateSource=resultlist
Raoul Wallenbergstraat 133,https://www.funda.nl/koop/amsterdam/appartement-87824340-raoul-wallenbergstraat-133/?navigateSource=resultlist
Wittgensteinlaan 349,https://www.funda.nl/koop/amsterdam/appartement-41467537-wittgensteinlaan-349/?navigateSource=resultlist
Ladogameerhof 153,https://www.funda.nl/koop/amsterdam/appartement-41465999-ladogameerhof-153/?navigateSource=resultlist
Nicolaas Anslijnstraat 179,https://www.funda.nl/koop/amsterdam/appartement-41459917-nicolaas-anslijnstraat-179/?navigateSource=resultlist
Nicolaas Anslijnstraat 180,https://www.funda.nl/koop/amsterdam/appartement-41459914-nicolaas-anslijnstraat-180/?navigateSource=resultlist
Ariana Nozemanstraat 21 -2,https://www.funda.nl/koop/amsterdam/appartement-41458706-ariana-nozemanstraat-21-2/?navigateSource=resultlist
Thorn Prikkerstraat 42,https://www.funda.nl/koop/amsterdam/appartement-41457326-thorn-prikkerstraat-42/?navigateSource=resultlist
H. Cleyndertweg 839,https://www.funda.nl/koop/amsterdam/appartement-40342730-h-cleyndertweg-839/?navigateSource=resultlist
Jan de Jonghkade 26,https://www.funda.nl/koop/amsterdam/appartement-40341825-jan-de-jonghkade-26/?navigateSource=resultlist
Loenermark 391,https://www.funda.nl/koop/amsterdam/appartement-40349987-loenermark-391/?navigateSource=resultlist
Kloekhorststraat 265,https://www.funda.nl/koop/amsterdam/appartement-86703374-kloekhorststraat-265/?navigateSource=resultlist
Theseusstraat 15 -II,https://www.funda.nl/koop/amsterdam/appartement-40334280-theseusstraat-15-ii/?navigateSource=resultlist
Schalkwijkpad 23,https://www.funda.nl/koop/amsterdam/appartement-40330343-schalkwijkpad-23/?navigateSource=resultlist
Robert Scottstraat 36,https://www.funda.nl/koop/amsterdam/appartement-40336135-robert-scottstraat-36/?navigateSource=resultlist
Johan Huijsenstraat 40,https://www.funda.nl/koop/amsterdam/appartement-40327941-johan-huijsenstraat-40/?navigateSource=resultlist
Sumatraplantsoen 3 C,https://www.funda.nl/koop/amsterdam/appartement-86789277-sumatraplantsoen-3-c/?navigateSource=resultlist
Kloekhorststraat 285,https://www.funda.nl/koop/amsterdam/appartement-40312588-kloekhorststraat-285/?navigateSource=resultlist
Tielstraat 56,https://www.funda.nl/koop/amsterdam/appartement-86773876-tielstraat-56/?navigateSource=resultlist
Jan Evertsenstraat 72 2,https://www.funda.nl/koop/amsterdam/appartement-40318549-jan-evertsenstraat-72-2/?navigateSource=resultlist
Baden Powellweg 53,https://www.funda.nl/koop/amsterdam/appartement-40394759-baden-powellweg-53/?navigateSource=resultlist
Rhenenhof 91,https://www.funda.nl/koop/amsterdam/appartement-40227562-rhenenhof-91/?navigateSource=resultlist
Maldenhof 332,https://www.funda.nl/koop/amsterdam/appartement-40293913-maldenhof-332/?navigateSource=resultlist
Dickenslaan 29,https://www.funda.nl/koop/amsterdam/appartement-40291131-dickenslaan-29/?navigateSource=resultlist
Eerste Atjehstraat 1 D,https://www.funda.nl/koop/amsterdam/appartement-40283277-eerste-atjehstraat-1-d/?navigateSource=resultlist
Madurastraat 77 D,https://www.funda.nl/koop/amsterdam/appartement-40276053-madurastraat-77-d/?navigateSource=resultlist
Rustenburgerstraat 144 A,https://www.funda.nl/koop/amsterdam/appartement-40256506-rustenburgerstraat-144-a/?navigateSource=resultlist
Alblasstraat 60 h,https://www.funda.nl/koop/amsterdam/appartement-40136894-alblasstraat-60-h/?navigateSource=resultlist
Burgemeester Cramergracht 111,https://www.funda.nl/koop/amsterdam/appartement-40199023-burgemeester-cramergracht-111/?navigateSource=resultlist
Sierplein 61,https://www.funda.nl/koop/amsterdam/appartement-40064040-sierplein-61/?navigateSource=resultlist
Jacob van Lennepkade 352 I,https://www.funda.nl/koop/amsterdam/appartement-41499098-jacob-van-lennepkade-352-i/?navigateSource=resultlist
Nageljongenstraat 115,https://www.funda.nl/koop/amsterdam/appartement-41475803-nageljongenstraat-115/?navigateSource=resultlist
Ladogameerhof 171,https://www.funda.nl/koop/amsterdam/appartement-41469299-ladogameerhof-171/?navigateSource=resultlist
IJdoornlaan 1449 A,https://www.funda.nl/koop/amsterdam/appartement-41469561-ijdoornlaan-1449-a/?navigateSource=resultlist
Scherpenzeelstraat 177,https://www.funda.nl/koop/amsterdam/appartement-87823078-scherpenzeelstraat-177/?navigateSource=resultlist
Fazantenweg 55,https://www.funda.nl/koop/amsterdam/appartement-87818975-fazantenweg-55/?navigateSource=resultlist
Leerdamhof 355,https://www.funda.nl/koop/amsterdam/appartement-87812811-leerdamhof-355/?navigateSource=resultlist
Johan Hofmanstraat 104 .,https://www.funda.nl/koop/amsterdam/appartement-40343929-johan-hofmanstraat-104/?navigateSource=resultlist
Bankastraat 50 3,https://www.funda.nl/koop/amsterdam/appartement-40347830-bankastraat-50-3/?navigateSource=resultlist
Akersingel 35,https://www.funda.nl/koop/amsterdam/appartement-40345593-akersingel-35/?navigateSource=resultlist
Bramzeilhof 114,https://www.funda.nl/koop/amsterdam/appartement-40333024-bramzeilhof-114/?navigateSource=resultlist
Domela Nieuwenhuisstraat 98,https://www.funda.nl/koop/amsterdam/appartement-86796153-domela-nieuwenhuisstraat-98/?navigateSource=resultlist
Groetstraat 127,https://www.funda.nl/koop/amsterdam/appartement-40331977-groetstraat-127/?navigateSource=resultlist
Het Laagt 272,https://www.funda.nl/koop/amsterdam/appartement-40338986-het-laagt-272/?navigateSource=resultlist
Geuzenstraat 38 3,https://www.funda.nl/koop/amsterdam/appartement-40335077-geuzenstraat-38-3/?navigateSource=resultlist
Van Mourik Broekmanstraat 3 hs,https://www.funda.nl/koop/amsterdam/appartement-40324772-van-mourik-broekmanstraat-3-hs/?navigateSource=resultlist
Jan Mankesstraat 62 1,https://www.funda.nl/koop/amsterdam/appartement-40322147-jan-mankesstraat-62-1/?navigateSource=resultlist
Azaleastraat 42,https://www.funda.nl/koop/amsterdam/appartement-40390968-azaleastraat-42/?navigateSource=resultlist
Spinaker 21,https://www.funda.nl/koop/amsterdam/appartement-40227100-spinaker-21/?navigateSource=resultlist
Albatrospad 90,https://www.funda.nl/koop/amsterdam/appartement-40204880-albatrospad-90/?navigateSource=resultlist
Wisseloord 25 .,https://www.funda.nl/koop/amsterdam/appartement-40143947-wisseloord-25/?navigateSource=resultlist
Burgemeester Röellstraat 22 4,https://www.funda.nl/koop/amsterdam/appartement-40178015-burgemeester-roellstraat-22-4/?navigateSource=resultlist
Aaf Bouberstraat 116,https://www.funda.nl/koop/amsterdam/appartement-40161690-aaf-bouberstraat-116/?navigateSource=resultlist
Adolphine Eduardine Kokplantsoen 30,https://www.funda.nl/koop/amsterdam/appartement-40007500-adolphine-eduardine-kokplantsoen-30/?navigateSource=resultlist
Nicolaas Anslijnstraat 152,https://www.funda.nl/koop/amsterdam/appartement-49106073-nicolaas-anslijnstraat-152/?navigateSource=resultlist
Aakstraat 211,https://www.funda.nl/koop/amsterdam/appartement-41498016-aakstraat-211/?navigateSource=resultlist
Hogevecht 87,https://www.funda.nl/koop/amsterdam/appartement-87821534-hogevecht-87/?navigateSource=resultlist
Alfred Döblinstraat 145,https://www.funda.nl/koop/amsterdam/appartement-41450916-alfred-doblinstraat-145/?navigateSource=resultlist
Leusdenhof 180,https://www.funda.nl/koop/amsterdam/appartement-87813429-leusdenhof-180/?navigateSource=resultlist
Ben van Meerendonkstraat 291,https://www.funda.nl/koop/amsterdam/appartement-86707188-ben-van-meerendonkstraat-291/?navigateSource=resultlist
Hoofdweg 550,https://www.funda.nl/koop/amsterdam/appartement-86707166-hoofdweg-550/?navigateSource=resultlist
Wamelstraat 15,https://www.funda.nl/koop/amsterdam/appartement-86707160-wamelstraat-15/?navigateSource=resultlist
Cornelis Trooststraat 83 II,https://www.funda.nl/koop/amsterdam/appartement-40348619-cornelis-trooststraat-83-ii/?navigateSource=resultlist
Esplanade de Meer 175,https://www.funda.nl/koop/amsterdam/appartement-40346120-esplanade-de-meer-175/?navigateSource=resultlist
Polanenstraat 250,https://www.funda.nl/koop/amsterdam/appartement-86709964-polanenstraat-250/?navigateSource=resultlist
Ilperveldstraat 3,https://www.funda.nl/koop/amsterdam/appartement-40332677-ilperveldstraat-3/?navigateSource=resultlist
Leeuwendalersweg 105,https://www.funda.nl/koop/amsterdam/appartement-40316522-leeuwendalersweg-105/?navigateSource=resultlist
Langswater 192,https://www.funda.nl/koop/amsterdam/appartement-86779616-langswater-192/?navigateSource=resultlist
Kijkduinstraat 43 II,https://www.funda.nl/koop/amsterdam/appartement-40220557-kijkduinstraat-43-ii/?navigateSource=resultlist
Van Hanxleden Houwertstraat 69 I,https://www.funda.nl/koop/amsterdam/appartement-40217081-van-hanxleden-houwertstraat-69-i/?navigateSource=resultlist
Westlandgracht 217 II,https://www.funda.nl/koop/amsterdam/appartement-40205360-westlandgracht-217-ii/?navigateSource=resultlist
Petrus Blokhof 9 III,https://www.funda.nl/koop/amsterdam/appartement-40136343-petrus-blokhof-9-iii/?navigateSource=resultlist
Bijlmerdreef 1271,https://www.funda.nl/koop/amsterdam/appartement-87823153-bijlmerdreef-1271/?navigateSource=resultlist
Kijkduinstraat 43 1,https://www.funda.nl/koop/amsterdam/appartement-40202506-kijkduinstraat-43-1/?navigateSource=resultlist
Johan Hofmanstraat 192,https://www.funda.nl/koop/amsterdam/appartement-40295736-johan-hofmanstraat-192/?navigateSource=resultlist
Willy La Croixstraat 57,https://www.funda.nl/koop/amsterdam/appartement-41411029-willy-la-croixstraat-57/?navigateSource=resultlist
Herculesstraat 62 A,https://www.funda.nl/koop/amsterdam/appartement-41411710-herculesstraat-62-a/?navigateSource=resultlist
Matrozenhof 18,https://www.funda.nl/koop/amsterdam/appartement-41401990-matrozenhof-18/?navigateSource=resultlist
Mesdagstraat 48 -H,https://www.funda.nl/koop/amsterdam/appartement-41406220-mesdagstraat-48-h/?navigateSource=resultlist
Dostojevskisingel 229,https://www.funda.nl/koop/amsterdam/appartement-41460014-dostojevskisingel-229/?navigateSource=resultlist
Celebesstraat 62 -C,https://www.funda.nl/koop/amsterdam/appartement-41468083-celebesstraat-62-c/?navigateSource=resultlist
Sara Burgerhartstraat 48 -3,https://www.funda.nl/koop/amsterdam/appartement-41459014-sara-burgerhartstraat-48-3/?navigateSource=resultlist
Insulindeweg 49 -C,https://www.funda.nl/koop/amsterdam/appartement-41459001-insulindeweg-49-c/?navigateSource=resultlist
Bouwnummer (Bouwnr. 46),https://www.funda.nl/koop/amsterdam/appartement-40622699-bouwnummer-bouwnr-46/?navigateSource=resultlist
Peursumstraat 96,https://www.funda.nl/koop/amsterdam/appartement-41456208-peursumstraat-96/?navigateSource=resultlist
Bouwnummer 309 (Bouwnr. 309),https://www.funda.nl/koop/amsterdam/appartement-40691366-bouwnummer-309-bouwnr-309/?navigateSource=resultlist
Werkendamstraat 8,https://www.funda.nl/koop/amsterdam/appartement-85517200-werkendamstraat-8/?navigateSource=resultlist
Sassenheimstraat 26 -3,https://www.funda.nl/koop/amsterdam/appartement-86757380-sassenheimstraat-26-3/?navigateSource=resultlist
Bijlmerdreef 1213,https://www.funda.nl/koop/amsterdam/appartement-86670942-bijlmerdreef-1213/?navigateSource=resultlist
Elpermeer 196,https://www.funda.nl/koop/amsterdam/appartement-86647168-elpermeer-196/?navigateSource=resultlist
Zuid-Hollandstraat 130 2,https://www.funda.nl/koop/amsterdam/appartement-86912425-zuid-hollandstraat-130-2/?navigateSource=resultlist
Rijnstraat 62 4,https://www.funda.nl/koop/amsterdam/appartement-85789504-rijnstraat-62-4/?navigateSource=resultlist
Giessenburg 6,https://www.funda.nl/koop/amsterdam/appartement-86674983-giessenburg-6/?navigateSource=resultlist
Eva Besnyöstraat 385,https://www.funda.nl/koop/amsterdam/appartement-86669967-eva-besnyostraat-385/?navigateSource=resultlist
Osdorper Ban 185,https://www.funda.nl/koop/amsterdam/appartement-86574448-osdorper-ban-185/?navigateSource=resultlist
Renswoudestraat 16,https://www.funda.nl/koop/amsterdam/appartement-86427701-renswoudestraat-16/?navigateSource=resultlist
